CREATE TABLE customers (
    cust_id INT PRIMARY KEY,
    cust_firstname VARCHAR(50),
    cust_lastname VARCHAR(50)
);

CREATE TABLE addresses (
    add_id INT PRIMARY KEY,
    delivery_address1 VARCHAR(200),
    delivery_address2 VARCHAR(200) NULL,
    delivery_city VARCHAR(50),
    delivery_zipcode INT
);


CREATE TABLE menu (
    item_id VARCHAR(10) PRIMARY KEY,
    item_name VARCHAR(100),
    item_cat VARCHAR(100),
    item_size VARCHAR(10) NULL,
    item_price DECIMAL(10, 2)
);

CREATE TABLE orders (
    row_id INT PRIMARY KEY,
    order_id VARCHAR(10),
    ordered_at DATETIME,
    item_id VARCHAR(10),
    quantity INT,
    cust_id INT,
    delivery BOOL,
    add_id INT NULL,
    FOREIGN KEY (cust_id) REFERENCES customers(cust_id),
    FOREIGN KEY (add_id) REFERENCES addresses(add_id),
    FOREIGN KEY (item_id) REFERENCES menu(item_id)
);



-- Adding the values of each table 




INSERT INTO customers VALUES (1,'Sam','Gerken'),
	(2,'Jefferson','Gauvreau'),
	(3,'Adrian','Dutton'),
	(4,'Lucas','Fisher'),
	(5,'Sam','Smith'),
	(6,'Tate','Johnson'),
	(7,'Will','Kemper'),
	(8,'Luke','Carroll'),
	(9,'Mason','Green'),
	(10,'Robert','Meetre'),
	(11,'John','Arey'),
	(12,'Preston','Santos'),
	(13,'Tyler','Simmons'),
	(14,'Jeff','Green'),
	(15,'Eric','Gordan'),
	(16,'Hunter','Batista'),
	(17,'Erica','Handshaw'),
	(18,'Nate','Plesko'),
	(19,'Stratton','Logano'),
	(20,'Quenton','Parish');

INSERT INTO addresses VALUES (1,'4400 Polytechnic Cir',NULL,'Polk City',33868),
	(2,'4700 Research Way',NULL,'Lakeland',33805),
	(3,'4540 Polytechnic Cir',NULL,'Lakeland',33805),
	(4,'4520 Polytechnic Cir',NULL,'Lakeland',33805),
	(5,'4550 Polytechnic Cir',NULL,'Lakeland',33805),
	(6,'4600 Polytechnic Cir',NULL,'Lakeland',33805),
	(7,'775 FL-559',NULL,'Auburnadel',33823);

INSERT INTO menu VALUES ('APPS_1','CHICKEN TENDERS','APPS','NULL',7.99),
	('APPS_2','BUFFALO CHICKEN TENDERS','APPS','NULL',8.99),
	('APPS_3','GARLIC BREAD','APPS','NULL',6.49),
	('APPS_4','GARLIC KNOTS','APPS','NULL',6.49),
	('WING_1','BONELESS 6 WINGS','WING','NULL',8.99),
	('WING_2','BONELESS 10 WINGS','WING','NULL',13.99),
	('WING_3','BONELESS 20 WINGS','WING','NULL',24.99),
	('WING_4','BONE IN 6 WINGS','WING','NULL',9.99),
	('WING_5','BONE IN 10 WINGS','WING','NULL',15.99),
	('WING_6','BONE IN 20 WINGS','WING','NULL',29.99),
	('SALD_1','GREEK SALAD','SALD','SM',9.99),
	('SALD_2','GREEK SALAD','SALD','LG',13.99),
	('SALD_3','CEASAR SALAD','SALD','SM',8.49),
	('SALD_4','CEASAR SALAD','SALD','LG',11.99),
	('SALD_5','BUFFALO CHICKEN SALAD','SALD','SM',9.99),
	('SALD_6','BUFFALO CHICKEN SALAD','SALD','LG',13.99),
	('SAND_1','BUFFALO CHICKEN','SANW','NULL',11.99),
	('SAND_2','BACON LETTUCE TOMATO','SANW','NULL',11.99),
	('SAND_3','MEATBALL PARMESAN','SANW','NULL',11.99),
	('PIZA_1','CHEESE','PIZA','SM',9.99),
	('PIZA_2','CHEESE','PIZA','MD',15.75),
	('PIZA_3','CHEESE','PIZA','LG',18.99),
	('PIZA_4','MEAT','PIZA','SM',11.49),
	('PIZA_5','MEAT','PIZA','MD',20.75),
	('PIZA_6','MEAT','PIZA','LG',23.99),
	('PIZA_7','VEGGIE','PIZA','SM',11.49),
	('PIZA_8','VEGGIE','PIZA','MD',20.75),
	('PIZA_9','VEGGIE','PIZA','LG',23.99),
	('PIZA_10','HAWAIIAN','PIZA','SM',11.49),
	('PIZA_11','HAWAIIAN','PIZA','MD',20.75),
	('PIZA_12','HAWAIIAN','PIZA','LG',23.99),
	('PIZA_13','DEEP DISH','PIZA','LG',19.99),
	('PIZA_14','PARTY PIZZA','PIZA','LG',39.99),
	('PSTA_1','SPAGHETTI','PSTA','NULL',9.99),
	('PSTA_2','ALFREDO PASTA','PSTA','NULL',13.49),
	('PSTA_3','BAKED ZITI','PSTA','NULL',13.49),
	('PSTA_4','STUFFED SHELLS','PSTA','NULL',12.99),
	('PSTA_5','RAVIOLI','PSTA','NULL',12.99),
	('DSRT_1','VANILLA ICE CREAM','DSRT','SM',1.49),
	('DSRT_2','VANILLA ICE CREAM','DSRT','LG',3.49),
	('DSRT_3','STRAWBERRY ICE CREAM','DSRT','SM',1.49),
	('DSRT_4','STRAWBERRY ICE CREAM','DSRT','LG',3.49),
	('KIDS_1','PIZZA','KIDS','NULL',7.49),
	('KIDS_2','SPAGHETTI','KIDS','NULL',7.49),
	('KIDS_3','CHICKEN TENDERS','KIDS','NULL',7.49),
	('KIDS_4','MAC ''N CHEESE','KIDS','NULL',7.49);

INSERT INTO orders VALUES (1,'ORD_0001','2025-01-01 11:02:00','APPS_4',1,1,TRUE,'1'),
	(2,'ORD_0001','2025-01-01 11:02:00','WING_4',1,1,TRUE,'1'),
	(3,'ORD_0001','2025-01-01 11:02:00','SALD_2',1,1,TRUE,'1'),
	(4,'ORD_0001','2025-01-01 11:02:00','PIZA_14',1,1,TRUE,'1'),
	(5,'ORD_0002','2025-01-01 11:10:00','WING_6',2,2,FALSE,NULL),
	(6,'ORD_0002','2025-01-01 11:10:00','APPS_3',4,2,FALSE,NULL),
	(7,'ORD_0002','2025-01-01 11:10:00','PIZA_3',1,2,FALSE,NULL),
	(8,'ORD_0003','2025-01-01 11:32:00','SAND_1',2,3,FALSE,NULL),
	(9,'ORD_0003','2025-01-01 11:32:00','SAND_2',2,3,FALSE,NULL),
	(10,'ORD_0004','2025-01-01 11:46:00','PIZA_8',2,4,TRUE,'2'),
	(11,'ORD_0004','2025-01-01 11:46:00','PIZA_2',2,4,TRUE,'2'),
	(12,'ORD_0004','2025-01-01 11:46:00','PIZA_6',2,4,TRUE,'2'),
	(13,'ORD_0005','2025-01-01 11:50:00','SALD_4',3,5,TRUE,'3'),
	(14,'ORD_0005','2025-01-01 11:50:00','SAND_2',3,5,TRUE,'3'),
	(15,'ORD_0005','2025-01-01 11:50:00','SAND_1',1,5,TRUE,'3'),
	(16,'ORD_0005','2025-01-01 11:50:00','PIZA_3',1,5,TRUE,'3'),
	(17,'ORD_0006','2025-01-01 12:07:00','SALD_5',2,6,TRUE,'4'),
	(18,'ORD_0006','2025-01-01 12:07:00','PIZA_6',2,6,TRUE,'4'),
	(19,'ORD_0007','2025-01-01 12:31:00','PSTA_1',1,7,FALSE,NULL),
	(20,'ORD_0007','2025-01-01 12:31:00','PSTA_5',1,7,FALSE,NULL),
	(21,'ORD_0008','2025-01-01 14:38:00','PIZA_6',2,8,TRUE,'5'),
	(22,'ORD_0008','2025-01-01 14:38:00','PIZA_1',1,8,TRUE,'5'),
	(23,'ORD_0009','2025-01-01 16:21:00','PIZA_13',3,9,TRUE,'6'),
	(24,'ORD_0009','2025-01-01 16:21:00','WING_3',3,9,TRUE,'6'),
	(25,'ORD_0009','2025-01-01 16:21:00','DSRT_4',2,9,TRUE,'6'),
	(26,'ORD_0010','2025-01-01 16:45:00','PIZA_1',1,10,TRUE,'1'),
	(27,'ORD_0010','2025-01-01 16:45:00','PIZA_9',1,10,TRUE,'1'),
	(28,'ORD_0010','2025-01-01 16:45:00','PIZA_6',1,10,TRUE,'1'),
	(29,'ORD_0010','2025-01-01 16:45:00','APPS_4',1,10,TRUE,'1'),
	(30,'ORD_0011','2025-01-01 16:47:00','WING_4',2,11,FALSE,NULL),
	(31,'ORD_0011','2025-01-01 16:47:00','PIZA_7',1,11,FALSE,NULL),
	(32,'ORD_0012','2025-01-01 17:03:00','PIZA_14',1,12,TRUE,'2'),
	(33,'ORD_0012','2025-01-01 17:03:00','APPS_1',2,12,TRUE,'2'),
	(34,'ORD_0013','2025-01-01 17:19:00','APPS_2',1,13,TRUE,'3'),
	(35,'ORD_0014','2025-01-01 17:24:00','APPS_4',2,14,TRUE,'4'),
	(36,'ORD_0014','2025-01-01 17:24:00','PIZA_6',2,14,TRUE,'4'),
	(37,'ORD_0014','2025-01-01 17:24:00','PIZA_2',1,14,TRUE,'4'),
	(38,'ORD_0015','2025-01-01 17:54:00','APPS_3',1,15,TRUE,'5'),
	(39,'ORD_0015','2025-01-01 17:54:00','SALD_4',2,15,TRUE,'5'),
	(40,'ORD_0015','2025-01-01 17:54:00','PIZA_6',1,15,TRUE,'5'),
	(41,'ORD_0016','2025-01-01 18:00:00','SAND_3',1,16,FALSE,NULL),
	(42,'ORD_0017','2025-01-01 18:25:00','KIDS_2',2,17,FALSE,NULL),
	(43,'ORD_0017','2025-01-01 18:25:00','PIZA_3',1,17,FALSE,NULL),
	(44,'ORD_0018','2025-01-01 18:34:00','SAND_2',2,18,FALSE,NULL),
	(45,'ORD_0018','2025-01-01 18:34:00','DSRT_1',2,18,FALSE,NULL),
	(46,'ORD_0019','2025-01-01 18:57:00','PIZA_5',1,19,FALSE,NULL),
	(47,'ORD_0019','2025-01-01 18:57:00','APPS_4',1,19,FALSE,NULL),
	(48,'ORD_0020','2025-01-01 18:59:00','PIZA_4',1,20,TRUE,'6'),
	(49,'ORD_0020','2025-01-01 18:59:00','APPS_2',1,20,TRUE,'6'),
	(50,'ORD_0020','2025-01-01 18:59:00','DSRT_3',1,20,TRUE,'6');